<?xml version="1.0" encoding="UTF-8"?>
<!--
    Document   : fs_roles_access.xml
    Author     : Carlos Garcia Gomez
    Description:
        Estructura de la tabla fs_roles_access.
-->
<tabla>
    <columna>
        <nombre>codrol</nombre>
        <tipo>character varying(20)</tipo>
        <nulo>NO</nulo>
    </columna>
    <columna>
        <nombre>fs_page</nombre>
        <tipo>character varying(30)</tipo>
        <nulo>NO</nulo>
    </columna>
    <columna>
        <nombre>allow_delete</nombre>
        <tipo>boolean</tipo>
        <nulo>NO</nulo>
        <defecto>true</defecto>
    </columna>
    <restriccion>
        <nombre>fs_roles_access_pkey</nombre>
        <consulta>PRIMARY KEY (codrol,fs_page)</consulta>
    </restriccion>
    <restriccion>
        <nombre>fs_roles_access_roles</nombre>
        <consulta>FOREIGN KEY (codrol) REFERENCES fs_roles (codrol) ON DELETE CASCADE ON UPDATE CASCADE</consulta>
    </restriccion>
    <restriccion>
        <nombre>fs_roles_access_page</nombre>
        <consulta>FOREIGN KEY (fs_page) REFERENCES fs_pages (name) ON DELETE CASCADE ON UPDATE CASCADE</consulta>
    </restriccion>
</tabla>
