<?xml version="1.0" encoding="UTF-8"?>
<!--
    Document   : fs_relations.xml
    Author     : Carlos Garcia Gomez
    Description:
        Estructura de la tabla fs_relations.
-->
<tabla>
    <columna>
        <nombre>id</nombre>
        <tipo>serial</tipo>
        <nulo>NO</nulo>
        <defecto>nextval('fs_relations_id_seq'::regclass)</defecto>
    </columna>
    <columna>
        <nombre>table1</nombre>
        <tipo>character varying(50)</tipo>
        <nulo>NO</nulo>
    </columna>
    <columna>
        <nombre>id1</nombre>
        <tipo>character varying(50)</tipo>
        <nulo>NO</nulo>
    </columna>
    <columna>
        <nombre>table2</nombre>
        <tipo>character varying(50)</tipo>
    </columna>
    <columna>
        <nombre>id2</nombre>
        <tipo>character varying(50)</tipo>
    </columna>
    <columna>
        <nombre>return_url</nombre>
        <tipo>character varying(300)</tipo>
    </columna>
    <restriccion>
        <nombre>fs_relations_pkey</nombre>
        <consulta>PRIMARY KEY (id)</consulta>
    </restriccion>
</tabla>
